Date,Open,High,Low,Close
08-10-2018,208,222.25,206.85,215.15
05-10-2018,217,218.6,205.9,209.2
04-10-2018,223.5,227.8,216.15,218.2
03-10-2018,230,237.5,225.75,227.6
01-10-2018,234.55,234.6,221.05,230.9
28-09-2018,234.05,235.95,230.2,233.75
27-09-2018,234.55,236.8,231.1,233.25
26-09-2018,240,240,232.5,234.25
25-09-2018,233.3,236.75,232,236.1
24-09-2018,233.55,239.2,230.75,233.3
21-09-2018,235,237,227.95,234.6
19-09-2018,235.95,237.2,233.45,234.9
18-09-2018,237.9,239.25,233.5,235.05
17-09-2018,233.15,238,230.25,236.6
14-09-2018,223.45,236.7,223.3,233.95
12-09-2018,216.35,223.7,212.65,222.65
11-09-2018,222.5,225.4,214.85,216
10-09-2018,222.5,235.15,220.65,222
07-09-2018,221,224.5,219.1,222.95
06-09-2018,224,225,218.2,221.05
05-09-2018,222,224.6,215.2,222.4
04-09-2018,238.2,238.2,222.6,223.7
03-09-2018,236,243.55,235.05,236.7
31-08-2018,237,239.75,232.95,234.3
30-08-2018,235.35,237.3,232.1,236
29-08-2018,233.85,237.7,232.7,234.55
28-08-2018,237,239.3,231.3,233.35
27-08-2018,231.8,239.35,231.05,237.05
24-08-2018,234.5,237.2,230.2,231
23-08-2018,240.3,240.6,233.1,235.45
21-08-2018,246.9,246.9,239.25,240.55
20-08-2018,244,247,243,245.15
17-08-2018,240.8,244.5,239.2,243
16-08-2018,236.05,242,235.95,239.35
14-08-2018,235,238.5,235,237.55
13-08-2018,233,236.45,232.25,234.55
10-08-2018,237.3,237.95,231.1,233.55
09-08-2018,236.65,239.85,235.3,237.3
08-08-2018,237.25,240.5,235.05,236.35
07-08-2018,241,241.55,235.3,237.6
06-08-2018,235.15,240.45,234.15,239.5
03-08-2018,236,239,232,234.65
02-08-2018,232.5,238.05,230.4,235.45
01-08-2018,248.7,254.95,234.35,235.65
31-07-2018,243.4,249.65,241.5,246.9
30-07-2018,243.7,247,240.9,242.2
27-07-2018,241,243.95,239.15,242.25
26-07-2018,235.9,242.95,234.5,239.1
25-07-2018,248.5,248.5,235.8,236.9
24-07-2018,244,249.2,241.9,246.3
23-07-2018,238.9,244.25,235.25,243.3
20-07-2018,231.25,240.95,231.25,238.6
19-07-2018,239.7,243.3,228.6,233.1
18-07-2018,248.4,249.6,232.7,238.65
17-07-2018,241.55,251.85,240.3,247.9
16-07-2018,257.9,257.9,242.1,243.25
13-07-2018,265,265.75,257.55,258.9
12-07-2018,270.4,272.45,264.35,265.2
11-07-2018,274.8,275.45,267.45,269.8
10-07-2018,275.9,277.8,272.55,274.75
09-07-2018,268.25,276.2,267,275.25
06-07-2018,269.8,273.25,265.7,266.3
05-07-2018,277.45,282.4,270,271.25
04-07-2018,281,281,275.35,277.3
03-07-2018,264.5,284.5,262.7,281
02-07-2018,271,273.1,263.25,264.45
29-06-2018,262.7,270.15,262.7,269.35
28-06-2018,263,268.25,261.45,263.95
27-06-2018,265.1,268.4,261.2,265.6
26-06-2018,264.8,269.7,263.3,267.35
25-06-2018,260.1,266.95,260.1,264.5
22-06-2018,257.9,263.55,256.45,262.1
21-06-2018,258.05,262.35,255.5,258.2
20-06-2018,263.7,264.75,257,260.85
19-06-2018,274.65,274.65,266.05,267.05
18-06-2018,271.55,276.85,269.15,275.35
15-06-2018,279.15,281,271.45,272.15
14-06-2018,269.8,278.75,268.2,277.8
13-06-2018,267,270.5,265.35,269.6
12-06-2018,262.75,268.4,262.75,267.6
11-06-2018,265.6,271.25,262.7,263.7
08-06-2018,263.7,269.35,263.55,266.95
07-06-2018,266.9,269.7,263.3,267.1
06-06-2018,262.75,266.7,260.35,265.75
05-06-2018,255.5,264.7,254.8,263.75
04-06-2018,265,265.4,253.5,255.25
01-06-2018,269.7,269.7,258.55,263.25
31-05-2018,267,272,260.7,269.2
30-05-2018,254,266,253.2,264.5
29-05-2018,257.4,262.7,257,257.5
28-05-2018,254.7,262.2,254.65,260.65
25-05-2018,252.2,259.4,252.2,257.85
24-05-2018,251,255.5,247.3,254.5
23-05-2018,246.5,252.35,245.55,250.2
22-05-2018,244,251.1,244,247.15
21-05-2018,244.1,248.35,240.55,243.55
18-05-2018,248.3,248.95,243.35,244.7
17-05-2018,243.5,249.3,242.5,247.5
16-05-2018,240,245.6,237.25,241.1
15-05-2018,256.45,259.5,240.75,242.65
14-05-2018,280,281.35,251.85,255.9
11-05-2018,284.4,290.5,284.4,287.5
10-05-2018,292.95,293,283.45,285.25
09-05-2018,289.6,294.35,288.6,292
08-05-2018,296,296.2,287.25,289.7
07-05-2018,288.8,295.5,287,294.2
04-05-2018,287.05,291.5,282.3,287.8
03-05-2018,292.75,292.75,283.1,286.65
02-05-2018,297.4,300,289.4,292.75
30-04-2018,293.9,298.5,292.05,297.55
27-04-2018,293.45,294.4,291.05,292.1
26-04-2018,292.5,293.65,288.75,291.2
25-04-2018,283.05,291.25,282.05,289.1
24-04-2018,283,288,281.8,283.15
23-04-2018,287.7,287.8,282.65,283.6
20-04-2018,285.95,288.8,283.65,286.3
19-04-2018,286,288.65,283.6,286.2
18-04-2018,282.3,287.45,279.25,284.1
17-04-2018,282,285.25,277.5,280.95
16-04-2018,274,280.2,272.55,279.65
13-04-2018,274,277.35,271.75,275.5
12-04-2018,273.9,277.8,271.65,273.85
11-04-2018,276.1,276.35,271.5,273.85
10-04-2018,280.2,280.7,274.1,275.5
09-04-2018,275,281.65,273,277.8
06-04-2018,274.8,275.65,271,272.7
05-04-2018,274.55,277,271.5,273
04-04-2018,276.7,279.05,269.55,270.25
03-04-2018,276,277.55,271.7,274.8
02-04-2018,259.35,278.4,259.35,276.95
28-03-2018,261.25,264,257.5,258.75
27-03-2018,264,265.75,260.75,263.8
26-03-2018,258.05,263.5,253.7,262.2
23-03-2018,251.05,258.9,250,257.9
22-03-2018,264.65,264.65,257.6,258.85
21-03-2018,265.3,266.3,262.15,263.2
20-03-2018,259.7,263.65,255.1,262.05
19-03-2018,272.6,273,258.35,260.6
16-03-2018,280.8,282.7,271.05,272.4
15-03-2018,278,284.4,277.25,279.6
14-03-2018,275.25,281.25,275.25,278.5
13-03-2018,278.05,281.3,273.2,278.2
12-03-2018,270,276.65,269.7,276.05
09-03-2018,275.9,275.9,266.6,268.35
08-03-2018,270.5,274.2,265,273.4
07-03-2018,272,274.45,265.15,268.9
06-03-2018,276.7,283.1,271.45,274.15
05-03-2018,274.8,276.95,270.55,275.65
01-03-2018,275,277.35,274.1,274.85
28-02-2018,273,277,272,275.5
27-02-2018,275,279.7,273.1,275
26-02-2018,273.55,274.8,271.55,273.5
23-02-2018,264.2,271.9,263,270.7
22-02-2018,265.95,269.9,261.1,262.15
21-02-2018,265,268.85,262.2,266.6
20-02-2018,268.7,274.2,261.65,262.85
19-02-2018,277,277.05,263,267.95
16-02-2018,280.25,282.75,274.2,275.6
15-02-2018,284.35,285.25,276,279.05
14-02-2018,287.95,289,280.9,281.95
12-02-2018,282.4,289.6,279.7,285.1
09-02-2018,271.1,279.8,271.1,278.25
08-02-2018,282,286.5,276.1,280.45
07-02-2018,270,284.4,270,280.15
06-02-2018,259,270.3,253.25,266.7
05-02-2018,265.1,276.9,255.15,273.1
02-02-2018,284,285,260.25,274.85
01-02-2018,290.25,294.9,278.6,288.35
31-01-2018,302.9,303.7,286.1,290.65
30-01-2018,300.95,307.3,299.45,304
29-01-2018,305.25,306.8,300.7,301.8
25-01-2018,304,311.25,301.65,304.25
24-01-2018,306,310.7,302.8,304.25
23-01-2018,310.7,310.7,304.05,307.2
22-01-2018,307.05,314.95,306.6,308.85
19-01-2018,306,310,300.95,308.35
18-01-2018,315.05,315.75,301.4,305.45
17-01-2018,313.85,317,307.55,313.55
16-01-2018,323,326.9,311.45,316.4
15-01-2018,327.7,328.75,321.65,323
12-01-2018,315.05,328.35,315,325.75
11-01-2018,314,316.7,311.8,313.3
10-01-2018,315,319.1,312.55,314.1
09-01-2018,317.6,319.65,314,315.3
08-01-2018,314.65,319.2,312.2,317.6
05-01-2018,312.3,315.85,310.35,312.95
04-01-2018,312,313.5,307.25,312.25
03-01-2018,311.9,315.15,310.15,311.2
02-01-2018,314.3,314.95,307.55,311.15
01-01-2018,317.75,317.8,311.8,312.9
29-12-2017,308.05,318,306.35,316.4
28-12-2017,306.5,309.3,303.55,306.6
27-12-2017,305.5,308.8,302.5,305.55
26-12-2017,303.7,307.7,300.55,305.95
22-12-2017,301,306.35,299.7,302.75
21-12-2017,302.25,303,298.15,300.15
20-12-2017,301,303.8,297.75,300.85
19-12-2017,292,301.45,291.7,300.65
18-12-2017,280,293.95,275.1,290.85
15-12-2017,289,289.95,286.15,286.85
14-12-2017,288,288.25,279.2,284.3
13-12-2017,290,292.5,282.2,284.45
12-12-2017,298.6,298.6,286.65,287.8
11-12-2017,290,299.55,285.9,298.35
08-12-2017,287.55,289.9,285.05,288.45
07-12-2017,276,284.85,275.65,284
06-12-2017,278.9,282.95,273.6,274.95
05-12-2017,279.4,283.75,278.15,279.95
04-12-2017,285,286.5,276.4,279.05
01-12-2017,288.45,293.6,282.6,283.55
30-11-2017,278.9,292.2,277.55,287.1
29-11-2017,287.3,290.65,278.3,280.2
28-11-2017,277,289.8,276.5,287.75
27-11-2017,277.5,278.4,274.3,277.45
24-11-2017,275.05,280,275.05,278.7
23-11-2017,273.15,276.95,270.5,274.8
22-11-2017,273.5,275.85,267.75,274.05
21-11-2017,275.9,280.75,271.15,273.15
20-11-2017,261.15,276.25,259.25,274.9
17-11-2017,252.25,260.8,250.8,259.9
16-11-2017,254,254.65,247.2,251.95
15-11-2017,237.9,253.35,237.9,250.9
14-11-2017,234.7,248,228.4,246.7
13-11-2017,236.3,239.8,232.85,234.4
10-11-2017,240.7,244,234.65,236.15
09-11-2017,225.8,241.6,225.3,240.45
08-11-2017,226,228,222.55,224.5
07-11-2017,235,235.5,221.3,225
06-11-2017,224.9,236.9,224,234.7
03-11-2017,227,227.9,224.35,225.3
02-11-2017,227.9,231.25,223.4,226.35
01-11-2017,226.95,231.4,226.35,227.8
31-10-2017,226.95,228.25,223.15,226.95
30-10-2017,225,230.25,222.5,226.8
27-10-2017,211.3,221.8,209.75,220.5
26-10-2017,204.95,210.85,203.4,209.8
25-10-2017,211,211.5,203,205.3
24-10-2017,204,210.25,203.55,209.65
23-10-2017,205.5,207.45,202.6,203.1
19-10-2017,207.9,207.95,203.7,204.6
18-10-2017,211.45,211.45,205.6,206.8
17-10-2017,210.4,213.35,209.05,210.3
16-10-2017,210.3,211.85,207.1,209.6
13-10-2017,211,214.2,209.25,210.25
12-10-2017,211,212.9,208,212
11-10-2017,209.45,216,205.6,209.4
10-10-2017,209.5,211.15,207.7,208.45
09-10-2017,209.65,211.35,207.65,208.3
06-10-2017,210,212.25,208.65,209.6
05-10-2017,204.95,210.55,204.55,209.45
04-10-2017,207.3,207.7,203.15,204.95
03-10-2017,207.25,210.55,205,206.45
29-09-2017,204.5,209.9,203.4,205.8
28-09-2017,199.05,204.5,198.7,203.15
27-09-2017,206.5,207,196.65,198.6
26-09-2017,196,206.45,195.3,204.65
25-09-2017,201.45,202,192.3,196.65
22-09-2017,211,211,200,201.15
21-09-2017,214,214.8,207.3,212.2
20-09-2017,216.4,216.85,213.1,213.7
19-09-2017,213,220.2,212.85,216.2
18-09-2017,212.65,215,210.7,213.3
15-09-2017,211,213.7,208.85,210.55
14-09-2017,208.5,213.8,207.35,212.05
13-09-2017,214.65,214.95,206.2,207.3
12-09-2017,212,213.65,210.15,212.05
11-09-2017,209.2,211.05,207.3,209.25
08-09-2017,206.1,210.8,205.45,206.9
07-09-2017,207.95,209.3,204.8,205.75
06-09-2017,195.1,207.2,194.6,205.95
05-09-2017,194.3,197.4,193.3,196.7
04-09-2017,198,198.4,190.5,193.3
01-09-2017,198.25,200.65,196.3,197.6
31-08-2017,198.5,200.7,196.1,198
30-08-2017,193,198.15,192.35,197.05
29-08-2017,192.95,197.5,189.35,190.35
28-08-2017,195,196.3,192.05,193.3
24-08-2017,197.3,198.3,193.7,194.25
23-08-2017,191.5,197.45,189.15,196.55
22-08-2017,197.15,199.5,188.85,189.85
21-08-2017,196.65,203,194.4,196.15
18-08-2017,189.8,196.4,188.05,194.4
17-08-2017,194,197.4,189.8,190.6
16-08-2017,182.5,196.75,181.5,193.85
14-08-2017,166,180.3,165.1,178.75
11-08-2017,155.1,164.8,152.05,164.2
10-08-2017,161.85,163.5,153.2,156
09-08-2017,165.5,166.9,160.45,162.1
08-08-2017,171.8,171.8,165.6,166
07-08-2017,167,171.7,167,170.45
04-08-2017,164.7,167.6,163.85,166.45
03-08-2017,165.95,169.4,164.5,166.65
02-08-2017,168,168.55,164.2,165.1
01-08-2017,171,171.75,166.75,167.5
31-07-2017,169.5,172.4,168.35,169.55
28-07-2017,167.9,170.65,166.85,169.15
27-07-2017,173.85,173.85,167.7,168.4
26-07-2017,172,175.35,170.75,172.2
25-07-2017,170.5,172.25,169.2,171.15
24-07-2017,172.2,174.3,169.45,170
21-07-2017,171.9,173.85,169.7,172.2
20-07-2017,175.4,176.25,170.3,171.3
19-07-2017,173.8,177.4,173.7,175.15
18-07-2017,176.1,178.7,173.05,173.75
17-07-2017,174.25,179.3,172.6,177
14-07-2017,175.9,175.9,172.05,174.2
13-07-2017,175.35,176.7,171.2,175.4
12-07-2017,171.05,174.8,169,173.75
11-07-2017,167.05,172.8,167.05,169.5
10-07-2017,159,167.85,157.1,166.55
07-07-2017,153.15,158.9,153.1,157.75
06-07-2017,156.5,157.8,152.75,153.35
05-07-2017,151.5,157.1,150,156.15
04-07-2017,153.7,154.15,149.75,150.05
03-07-2017,152.5,155.65,150.75,151.6
30-06-2017,148,151.7,147.1,150.65
29-06-2017,149.95,151.7,147.9,148.5
28-06-2017,147.25,150.2,146.4,149.15
27-06-2017,151.15,151.95,145.75,147.35
23-06-2017,154.6,155,149.8,151.15
22-06-2017,157,158.6,154,154.75
21-06-2017,156.8,159.4,156.05,156.8
20-06-2017,156.75,158.65,155.55,156.85
19-06-2017,159,159.55,155.9,156.4
16-06-2017,159.95,161.8,157.7,158.2
15-06-2017,158.45,162.75,157.6,159.1
14-06-2017,156.95,160.45,155.05,158.45
13-06-2017,152.45,157.7,151.7,156.45
12-06-2017,153.5,154.5,151.75,152.1
09-06-2017,154.9,155.65,152.8,154.4
08-06-2017,155.1,156.9,153.4,154.6
07-06-2017,152.65,156.4,152.4,155.55
06-06-2017,155,155.65,152.2,153
05-06-2017,155.05,156.5,152.9,154.95
02-06-2017,153.1,158.35,152.15,154.85
01-06-2017,148.35,154,148.25,152.4
31-05-2017,148.55,151,147.55,149.4
30-05-2017,145,146.2,143.7,145.55
29-05-2017,147.2,147.5,143.9,145.4
26-05-2017,144,147.25,143.5,146.9
25-05-2017,143.45,144.65,142.1,143.05
24-05-2017,145.2,146.1,140.2,141.7
23-05-2017,148.05,148.4,143.65,144.75
22-05-2017,149.8,151.15,147.2,147.8
19-05-2017,149.5,153.8,148.35,149.5
18-05-2017,152,152.6,147,147.5
17-05-2017,154,154.65,152.5,152.85
16-05-2017,154.6,155.45,153,154.45
15-05-2017,152.65,155,152.45,154.6
12-05-2017,154,154.75,151.65,152.65
11-05-2017,155,156.2,153.2,154
10-05-2017,154.9,156.35,153.9,154.85
09-05-2017,153.2,155.15,152.55,154.05
08-05-2017,152.8,154.15,151.95,152.6
05-05-2017,156.5,156.5,151.1,152.3
04-05-2017,156.3,158.3,154.8,155.35
03-05-2017,158.85,158.85,155.55,156.2
02-05-2017,154.3,161.45,153.75,157.7
28-04-2017,153.4,154.7,152,153.1
27-04-2017,155,155.4,151.55,152.1
26-04-2017,152.45,156.6,151.6,153.75
25-04-2017,152.4,153.15,151,151.7
24-04-2017,151,153.25,151,151.95
21-04-2017,153.5,153.9,149.7,151.3
20-04-2017,150.25,153.6,150.25,152.15
19-04-2017,147.9,150.8,147.5,150.2
18-04-2017,149.1,152.5,147.5,148.15
17-04-2017,151,151,148.55,149.45
13-04-2017,152,153,149.8,150.5
12-04-2017,153.95,153.95,150.3,151.75
11-04-2017,151.5,153.75,151.05,153.4
10-04-2017,151.5,152.25,149.4,150.95
07-04-2017,152.8,154.45,150,150.6
06-04-2017,152.9,154.35,151.25,153.05
05-04-2017,152.8,154.8,151,152.65
03-04-2017,150.65,153.5,150.3,151.9
31-03-2017,151.45,152.1,150.1,150.55
30-03-2017,151.45,152.75,149.7,150.15
29-03-2017,151.7,153,149.5,150.6
28-03-2017,149.9,153.9,148,150.55
27-03-2017,151,151.9,148,148.6
24-03-2017,152.9,153.15,150.5,151.15
23-03-2017,143.9,152.5,143.2,151.6
22-03-2017,145.55,145.55,142.2,143.1
21-03-2017,147,148.45,145.1,145.9
20-03-2017,144.8,147.45,144.8,146.45
17-03-2017,145.7,145.7,142.25,144.8
16-03-2017,141.6,145.5,141.35,144.7
15-03-2017,139.6,142.1,139.3,140.9
14-03-2017,140.2,140.4,138.6,139.5
10-03-2017,140.85,142.25,136.75,137.1
09-03-2017,140.6,142.35,140.2,140.8
08-03-2017,142.4,143,140.05,141.4
07-03-2017,143,144.15,142.2,142.75
06-03-2017,143.95,145.2,142.1,143.25
03-03-2017,141.1,144.2,140.1,143.35
02-03-2017,145.45,145.75,140.05,141.1
01-03-2017,138.5,145.8,138.25,143.6
28-02-2017,139.15,139.85,136.75,138.05
27-02-2017,139,140.45,138.35,138.9
23-02-2017,140.05,140.9,138.7,139.25
22-02-2017,142.55,142.75,139.6,140
21-02-2017,142.15,143.2,141,141.6
20-02-2017,141,142.6,139.8,141.6
17-02-2017,140.9,141.95,139.65,140.15
16-02-2017,139.2,140.7,138.1,140.1
15-02-2017,140.9,142.85,138,138.75
14-02-2017,142.4,143.7,139.95,141.2
13-02-2017,144.9,146.85,141.25,141.95
10-02-2017,143.95,145.5,142.6,143.95
09-02-2017,146,147.15,143.05,143.9
08-02-2017,141.95,146.9,141.35,146.15
07-02-2017,142.1,145.8,140.1,141.65
06-02-2017,141.9,144.75,141.2,142.75
03-02-2017,138.2,143.9,137.1,141.85
02-02-2017,132.45,138.8,132.4,137.65
01-02-2017,129.05,130.65,127.35,130.1
31-01-2017,130.5,132,128.5,128.85
30-01-2017,129.1,131.8,128.1,130.45
27-01-2017,128.35,129.95,128.35,129.2
25-01-2017,129.25,129.25,127.45,128.35
24-01-2017,128.8,128.95,126.85,128.45
23-01-2017,127.6,128.4,126.6,127.9
20-01-2017,130.25,131.35,126,126.4
19-01-2017,129.8,131.55,129.15,130.5
18-01-2017,128,130.45,127.7,128.65
17-01-2017,128.6,129.4,126.55,127.6
16-01-2017,128.2,128.4,127,127.65
13-01-2017,126.9,130.9,126.65,128.35
12-01-2017,128.3,128.4,124.05,125.15
11-01-2017,125,127.9,124.55,127.55
10-01-2017,125.5,125.5,123.8,124.45
09-01-2017,124.75,125.5,123.95,124.75
06-01-2017,125.4,126.95,124.05,124.65
05-01-2017,124.75,125.65,124.55,125.2
04-01-2017,125,126.05,123.8,124.45
03-01-2017,122.8,125.4,122.8,124.45
02-01-2017,122.8,124.2,121.35,123.55
30-12-2016,121.1,123.3,121.1,122
29-12-2016,119.6,122.15,119.6,121.1
28-12-2016,119.2,122,119.2,119.6
27-12-2016,117,121.05,116.45,120.55
26-12-2016,118.8,118.85,116.3,117
23-12-2016,119.5,119.8,118,118.85
22-12-2016,122.4,122.4,119,119.4
21-12-2016,120.75,122.95,120.75,121.6
20-12-2016,124.8,125,120.75,121.25
19-12-2016,124.8,126.1,124,124.3
16-12-2016,125,125,122.95,124.3
15-12-2016,122.5,126.85,122.2,124.45
14-12-2016,123.85,124.8,122.4,122.75
13-12-2016,124.05,125,123.05,123.35
12-12-2016,123.9,125,122.1,123.35
09-12-2016,124.35,124.6,123.5,123.9
08-12-2016,123,125.1,123,123.85
07-12-2016,124.35,124.5,120.75,122.3
06-12-2016,123.8,125.25,122.8,123.4
05-12-2016,121.45,124.85,121.1,123.65
02-12-2016,121.5,123.4,120.3,121.55
01-12-2016,124.65,124.65,121.55,121.9
30-11-2016,122.95,124.4,122.5,123.85
29-11-2016,122.8,124.2,121.5,121.95
28-11-2016,118.55,121.8,117.5,120.95
25-11-2016,116,119.2,115.6,118.5
24-11-2016,117.65,117.65,114.5,115.1
23-11-2016,118.8,118.9,116.85,117.65
22-11-2016,117.8,118.8,116.05,117.3
21-11-2016,120.1,121.8,114.9,115.65
18-11-2016,118.9,121,118.3,120.1
17-11-2016,121.7,122.8,115.2,118.6
16-11-2016,123.1,125.3,120.4,121.3
15-11-2016,119.8,119.8,114.25,117
11-11-2016,123,125.35,117.25,118.65
10-11-2016,124,127.1,123.65,125.4
09-11-2016,118,122.9,114.95,121.9
08-11-2016,130,131,126.55,127.45
07-11-2016,127.7,130.4,127.25,128
04-11-2016,131,132,126,126.85
03-11-2016,134.1,136.25,130.8,131.35
02-11-2016,138,138,134.5,134.95
01-11-2016,139.4,140.75,138.3,138.6
30-10-2016,140.65,141,139,139.4
28-10-2016,138,141.3,138,139.95
27-10-2016,139.5,141.2,135.65,137.75
26-10-2016,148,151.2,144.05,145.4
25-10-2016,149.05,151.75,148.4,150
24-10-2016,152.9,156,152,154.05
21-10-2016,152.45,154.2,151.15,152.5
20-10-2016,155.95,156.65,151.95,152.35
19-10-2016,152,157.7,150.85,154.6
18-10-2016,150.95,152.7,150.75,151.9
17-10-2016,153,154.25,149.2,150.25
14-10-2016,149,154.2,147.4,153.2
13-10-2016,151.45,153,145.1,147.85
10-10-2016,151.9,153.95,151.1,151.65
07-10-2016,152.3,154.5,150.6,151.25
06-10-2016,153.95,155.45,148.6,150.9
05-10-2016,141.95,154.4,140.45,153.3
04-10-2016,142.5,143.25,138.75,141.8
03-10-2016,140.95,143.15,139.8,142.35
30-09-2016,136.95,140.9,136.2,139.6
29-09-2016,147.9,148,134.35,137
28-09-2016,148.1,149.15,145.6,146.75
27-09-2016,140.9,146.4,140.55,144.55
26-09-2016,143.45,144.25,140,140.65
23-09-2016,138.9,144,138.1,142.4
22-09-2016,139.15,139.95,137.7,138.9
21-09-2016,138,140.35,137.6,138.05
20-09-2016,139.7,140.35,137.5,138
19-09-2016,139.85,141.3,138.95,139.9
16-09-2016,138.35,141.7,137.85,139.85
15-09-2016,137.35,138.5,136.3,137
14-09-2016,135.2,138.2,135.1,137.45
12-09-2016,137.9,138.4,134.95,135.3
09-09-2016,142.2,142.7,138.8,139.7
08-09-2016,142.25,143.5,141.8,142.2
07-09-2016,141.75,144.2,141.3,142.2
06-09-2016,141.9,143.25,141.25,141.75
02-09-2016,141.4,142.6,141,141.6
01-09-2016,140.25,143.35,140,141.1
31-08-2016,140.1,141.6,140,140.25
30-08-2016,139.65,140.75,138.75,140.2
29-08-2016,140.55,141.15,137.8,139
26-08-2016,141,141.7,138.9,139.9
25-08-2016,143.4,145.5,140.1,140.45
24-08-2016,140.4,142.45,139.8,140.25
23-08-2016,138.7,141,138.4,139.6
22-08-2016,142,142.05,138,138.4
19-08-2016,139.85,141.85,138.75,141.25
18-08-2016,138.45,139.55,137.85,138.85
17-08-2016,138.8,139.4,137.15,137.65
16-08-2016,136.9,139.1,136.1,138.05
12-08-2016,137.8,139.45,136,136.95
11-08-2016,137.5,139.25,135.75,137.3
10-08-2016,144.25,144.5,137.25,137.75
09-08-2016,143.9,147,139.15,143.25
08-08-2016,138.55,143.5,138.4,142.9
05-08-2016,138.5,140.65,138.5,139.1
04-08-2016,136,139.4,135.5,138.3
03-08-2016,138.4,140.05,135.1,135.75
02-08-2016,141,141.8,138.1,138.4
01-08-2016,143,144.85,138.25,141
29-07-2016,140.9,144.7,139.2,142.15
28-07-2016,138,142.25,136.55,140.15
27-07-2016,131.45,138.75,131.45,137.45
26-07-2016,133.45,134.55,130.55,131.15
25-07-2016,131.75,134,131.2,133.45
22-07-2016,131.9,132.9,131.2,131.5
21-07-2016,134.8,134.8,131.15,131.8
20-07-2016,130.35,134.8,130.35,133.85
19-07-2016,131.5,131.5,128.8,130.05
18-07-2016,133,133.45,129.15,129.95
15-07-2016,134,134.5,132.25,132.6
14-07-2016,132.9,133.3,131.6,132.6
13-07-2016,132.9,133.8,131.1,132.15
12-07-2016,133.45,135.15,132.5,132.9
11-07-2016,134,135,132.7,133.1
08-07-2016,134.45,134.6,131.45,132.6
07-07-2016,133.5,136.4,133.45,134.45
05-07-2016,134.25,136.15,133.2,133.9
04-07-2016,135.6,135.8,133.8,134.1
01-07-2016,132,136.75,131.5,134.9
30-06-2016,130.5,131.95,129.45,131.2
29-06-2016,128.15,130.9,128.1,129.7
28-06-2016,127.5,128.6,126.75,127.85
27-06-2016,124.75,126.4,124.3,125.95
24-06-2016,120.5,124.85,117.1,124.25
23-06-2016,127.5,128.15,125.6,126.75
22-06-2016,125.6,128.65,124.7,127.25
21-06-2016,126.3,126.8,125.1,125.45
20-06-2016,124.55,127.15,124.55,126.15
17-06-2016,126.5,128.35,124.7,125.7
16-06-2016,126.9,128.55,123.8,126.1
15-06-2016,127.25,128.15,126.6,127
14-06-2016,129.4,129.5,126,126.5
13-06-2016,122,129,122,128.15
10-06-2016,125.3,126,122.7,123.65
09-06-2016,127.3,127.45,124.6,124.95
08-06-2016,119.3,126.5,118.9,124.4
07-06-2016,119.4,120.35,118.85,119.35
06-06-2016,120.35,121.2,118.6,119.3
03-06-2016,120.95,122.1,119.7,120.2
02-06-2016,118.5,119.8,117.65,119.25
01-06-2016,118.2,119.45,117.85,118.05
31-05-2016,117.8,119.1,117.55,117.75
30-05-2016,118,119.65,117.3,117.95
27-05-2016,118.1,119.4,116.85,117.3
26-05-2016,120,120.25,118.15,118.6
25-05-2016,120,121,119.15,119.5
24-05-2016,121.7,122.2,119.7,121.75
23-05-2016,120.5,124.1,119.7,120.4
20-05-2016,119.9,121.15,119.5,120.05
19-05-2016,120,122,118.95,119.95
18-05-2016,120,121.75,119.55,120.95
17-05-2016,121,121.4,119.6,120.35
16-05-2016,119.55,121,118.45,120.65
13-05-2016,118,120.7,118,119.55
12-05-2016,117.75,119.2,117.25,118.95
11-05-2016,117,118.25,116.3,117.3
10-05-2016,119,119.95,118,118.2
09-05-2016,118.9,120.4,117.45,118.75
06-05-2016,116.55,119.5,115.8,118.1
05-05-2016,117,117.8,115.3,116.35
04-05-2016,119.8,119.8,116.3,116.95
03-05-2016,121.6,122.55,119.15,119.45
02-05-2016,119.35,121.8,119,121.1
29-04-2016,121,121.05,119,120.05
28-04-2016,122.5,123.5,120,120.3
27-04-2016,122.5,123.95,121.95,122.4
26-04-2016,120.6,122.5,120.6,121.8
25-04-2016,120.4,121.9,120,121.2
22-04-2016,119,121.85,119,120.25
21-04-2016,122.4,122.75,119.55,120.1
20-04-2016,120.2,123.2,119.55,121.85
18-04-2016,120.85,121,119.1,120
13-04-2016,119.05,121.35,118.95,120.65
12-04-2016,119.5,120.1,118.05,118.35
11-04-2016,118,120.25,117.85,119.5
08-04-2016,118.5,119,117,117.7
07-04-2016,118.1,120.4,118.1,118.7
06-04-2016,119.6,120,115,118.85
05-04-2016,121,121.15,118,118.25
04-04-2016,122.85,123.45,120.75,121.2
01-04-2016,122,124.2,120.2,122.55
31-03-2016,122,122.3,120.3,121.25
30-03-2016,119.9,125,119.5,121.4
29-03-2016,119.1,120.4,118.4,119.3
28-03-2016,120,121,118.5,119.4
23-03-2016,121.6,122.15,118.65,119.45
22-03-2016,121.05,123.3,120.45,121.4
21-03-2016,119.2,120.9,118.75,119.9
18-03-2016,116.5,119.65,115.95,118.9
17-03-2016,116,116.95,115,115.8
16-03-2016,115.7,116.1,114.1,115.1
15-03-2016,116,116.4,115,115.45
14-03-2016,116.05,117.35,113.9,115.65
11-03-2016,116.55,117.6,115.05,115.85
10-03-2016,117.8,118.1,115.4,116.45
09-03-2016,115.65,117.5,114.55,116.85
08-03-2016,114.3,116.4,113.1,115.65
04-03-2016,110,113.9,109.15,113.25
03-03-2016,110.5,111.25,107.95,109.5
02-03-2016,110,112.75,109.45,109.9
01-03-2016,104.2,109.5,104.2,108.9
29-02-2016,105,107.1,101.6,103.55
26-02-2016,107.95,108.5,103.8,104.75
25-02-2016,107.8,108.05,102.5,106.2
24-02-2016,106.2,108.3,105,106.7
23-02-2016,109,109.5,105.1,106.65
22-02-2016,107.3,109.85,107,109.1
19-02-2016,105,108.2,104.25,107.3
18-02-2016,105.4,106.5,102.5,104.55
17-02-2016,103,104.6,101.1,104
16-02-2016,107.7,108.9,102.2,102.65
15-02-2016,105.1,108.45,105.1,106
12-02-2016,103.25,106.4,100,104.3
11-02-2016,112.7,115.8,102.4,105.25
10-02-2016,120.5,121,116.45,118.35
09-02-2016,123,124.4,120.1,120.75
08-02-2016,123.05,126.1,122.5,123.9
05-02-2016,121.9,123.95,121.45,122.5
04-02-2016,123.1,123.4,120.4,121.6
03-02-2016,123.05,124.8,121,121.75
02-02-2016,127.4,127.7,123.55,124.25
01-02-2016,126.8,128.3,125.2,126.6
29-01-2016,124.1,127.45,123.35,126.5
28-01-2016,124.95,125.4,122.6,123.15
27-01-2016,124.95,125.95,123.3,124.45
25-01-2016,125.85,127,123.4,124.3
22-01-2016,123.85,126.9,121.95,125.55
21-01-2016,123.05,124.55,119.5,121.75
20-01-2016,124.6,124.6,120.5,122.55
19-01-2016,122.95,127,121.55,126.4
18-01-2016,128,129,121.05,121.85
15-01-2016,135,135.4,127.5,128.5
14-01-2016,132.1,136.25,131.15,134.05
13-01-2016,141.75,141.95,130.3,135.6
12-01-2016,142.4,143.45,138.05,139.5
11-01-2016,143.2,144,140.95,141.9
08-01-2016,140.65,146.75,140.1,144.45
07-01-2016,144.1,144.7,139,140.05
06-01-2016,147.1,149.8,144.5,145.25
05-01-2016,144,149.5,142.2,148.35
04-01-2016,145.9,147.2,142.25,143.7
01-01-2016,146.05,148.8,145.5,146.4
31-12-2015,147,148,144.2,146.2
30-12-2015,142.5,147.4,141.5,146.35
29-12-2015,144.4,144.4,141.2,141.9
28-12-2015,144.9,145.25,143.45,144.05
24-12-2015,143,146.45,142,144.8
23-12-2015,142,142.8,141.05,142
22-12-2015,143.6,144,140.3,141.2
21-12-2015,141.55,144.3,141.3,142.9
18-12-2015,142.45,144,141,141.9
17-12-2015,137.6,142.8,136.3,142.2
16-12-2015,134.4,138.85,134.15,136.55
15-12-2015,134.85,134.85,132.75,133.85
14-12-2015,131.9,135,131.65,134.35
11-12-2015,135.3,135.8,131.2,133.2
10-12-2015,132.15,135.8,131.9,135.3
09-12-2015,135.15,136.3,130.4,132.15
08-12-2015,134.95,138.5,134.5,135
07-12-2015,134.1,135.8,134.1,135.35
04-12-2015,134,135,132.75,133.65
03-12-2015,136.1,136.8,134.2,134.9
02-12-2015,136.4,137.8,135,136.2
01-12-2015,138.05,139.1,135,136.25
30-11-2015,138,138.1,135.9,137.55
27-11-2015,134.9,138.4,134.9,136.95
26-11-2015,134.6,136.25,134.15,134.95
24-11-2015,133,135.7,132.5,134.35
23-11-2015,134.8,135,131.25,132.95
20-11-2015,131.05,136,131.05,133.8
19-11-2015,129.6,131.4,129.25,130.9
18-11-2015,133.65,133.65,128.1,128.75
17-11-2015,129.7,134,128.3,132.5
16-11-2015,127.8,129.4,126.5,128.15
13-11-2015,128,129,126.25,128
11-11-2015,126.7,130,126.7,127.9
10-11-2015,127.3,128.45,125.3,125.7
09-11-2015,124.9,129.45,123,128.8
06-11-2015,126.8,128.25,124.75,125.85
05-11-2015,131.75,132.6,127.5,128
04-11-2015,132,133.5,131.4,131.75
03-11-2015,133.3,134.15,130.8,131.75
02-11-2015,134,135,130.95,132.65
30-10-2015,137,137.25,131,133.45
29-10-2015,135.9,138.5,134.8,135.9
28-10-2015,135.8,136.95,135,135.6
27-10-2015,138.7,139.1,135.1,135.8
26-10-2015,138.4,140.2,137.2,138.9
23-10-2015,138.7,140,136.85,137.8
21-10-2015,139.7,139.7,135.6,137.55
20-10-2015,134.7,141.9,134.65,139.4
19-10-2015,133.6,135.1,133.25,134.7
16-10-2015,135,135.2,132.6,134
15-10-2015,134.2,135,133.2,134.7
14-10-2015,133,135,132.4,134
13-10-2015,134.55,134.7,131.7,132.3
12-10-2015,135,136,133.9,134.55
09-10-2015,134,135.35,133.35,134.7
08-10-2015,134.9,134.9,131.85,133.35
07-10-2015,132.1,133.95,131.6,133.05
06-10-2015,132.5,132.55,129.6,130.55
05-10-2015,131.45,132.45,130.1,131.85
01-10-2015,128.95,131.2,127.4,130.05
30-09-2015,127.4,129.4,126.65,127.8
29-09-2015,126.5,127.6,123.1,126.6
28-09-2015,125,128,123.8,127.1
24-09-2015,124.8,125.95,123.65,124.2
23-09-2015,123.35,125.35,122.25,125
22-09-2015,126.2,127,122.9,123.9
21-09-2015,123.05,126.2,123.05,125.5
18-09-2015,124,126,122.9,125.45
16-09-2015,126.95,126.95,122.15,123.1
15-09-2015,124.05,126.45,124.05,125.4
14-09-2015,124.1,124.5,121.65,124.05
11-09-2015,124.8,125.3,122.7,123.25
10-09-2015,122,124.6,120,123.75
09-09-2015,122.1,124.5,121.55,123.65
08-09-2015,121.4,122.1,117,120.95
07-09-2015,121.6,122.45,118.35,120.45
04-09-2015,124.55,124.55,116.75,120.2
03-09-2015,120.75,125,119,124.15
02-09-2015,116.1,119.35,115.5,118.85
01-09-2015,118.75,118.75,114.05,115.2
31-08-2015,117.8,120.15,116.85,119.6
28-08-2015,118.35,120.4,117,118.15
27-08-2015,119.25,119.45,115.9,116.35
26-08-2015,117.95,119.8,115.15,117.3
25-08-2015,116.1,119.4,108.55,117.55
24-08-2015,128.9,128.9,112.5,114.85
21-08-2015,131.5,132.2,127,130.4
20-08-2015,133.3,135,131.75,132.9
19-08-2015,134.5,134.8,131.5,133.8
18-08-2015,134.2,136.4,132.55,134.15
17-08-2015,132.5,132.9,130.7,131
14-08-2015,131.2,133.7,129.75,132.1
13-08-2015,134.5,134.75,129.4,130
12-08-2015,137.7,137.7,132.1,133.05
11-08-2015,139.2,140.8,136.2,137.7
10-08-2015,142,142.65,138.25,138.95
07-08-2015,142.95,145,141.6,141.95
06-08-2015,142,147.3,141,143.75
05-08-2015,144.2,144.65,141.8,142.15
04-08-2015,143.4,144.75,141,143.3
03-08-2015,141.4,143.85,140.25,140.85
31-07-2015,136,142.8,135.35,140.2
30-07-2015,137.7,137.7,135.5,137.15
29-07-2015,138.15,138.9,137.25,138.65
28-07-2015,137.8,138.5,136.15,137.45
27-07-2015,140.6,140.6,136.75,137.55
24-07-2015,140.85,142.3,140.1,140.8
23-07-2015,139.95,142.2,139.4,140.85
22-07-2015,137,140,134.5,139.5
21-07-2015,140.1,141.9,136.9,137.5
20-07-2015,138.2,142.55,138.2,141.75
17-07-2015,138.9,140,137.25,139
16-07-2015,138.95,138.95,136.6,138
15-07-2015,137.5,139.5,136.6,138.15
14-07-2015,137,138.2,135.75,137.05
13-07-2015,134.9,137.8,134.25,136.8
10-07-2015,134.8,135.6,133.8,134.55
09-07-2015,134.9,135.7,133.2,133.95
08-07-2015,136.1,138,134.2,134.9
07-07-2015,135.6,141.65,135.1,138.2
06-07-2015,133.1,135.6,132.2,135
03-07-2015,137.5,138.6,135.25,136.1
02-07-2015,135.45,138.05,135.1,137.1
01-07-2015,132.5,136.1,131.3,135.55
30-06-2015,129.75,132.75,129.15,132.2
29-06-2015,132,132,128.2,129.55
26-06-2015,133.2,135,132.3,133.85
25-06-2015,132.9,136.4,132.6,135.7
24-06-2015,133.35,135.25,132.5,133.2
23-06-2015,135.6,135.9,133,133.85
22-06-2015,133.75,136.45,133.7,135
19-06-2015,133.2,136.2,132.65,133.75
18-06-2015,132.95,133.9,132.3,132.6
17-06-2015,129.3,134.15,128.85,132.35
16-06-2015,128.95,129.5,126.8,128.7
15-06-2015,127.85,130.9,127.1,129.1
12-06-2015,133.6,134.45,125.7,128.15
11-06-2015,137,137.75,133.6,134.4
10-06-2015,137.6,138.7,136,136.6
09-06-2015,135,138.9,134,137.55
08-06-2015,138.8,138.8,134,134.85
05-06-2015,137.9,139.7,136.85,138.5
04-06-2015,137.65,138.6,136,137.75
03-06-2015,140.6,141.2,136.5,137.35
02-06-2015,145,145.75,140,140.8
01-06-2015,145.3,146.4,144.8,145.15
29-05-2015,143.05,146.65,143.05,146.25
28-05-2015,149.4,150.3,143,144.9
27-05-2015,147.4,150,147.4,148.7
26-05-2015,146.8,149.7,146.8,148.8
25-05-2015,147.5,149.45,146.75,147.45
22-05-2015,147,149.15,146.55,147.95
21-05-2015,146.15,147.5,145.05,146.65
20-05-2015,147.45,148.75,144.55,145.95
19-05-2015,147.8,149.25,146.8,147.55
18-05-2015,147.75,150.45,147.65,147.95
15-05-2015,146.85,148.5,145.45,147.4
14-05-2015,145.05,146.9,143.65,146.3
13-05-2015,143.15,145.9,143.05,144.55
12-05-2015,143.3,145.5,139.4,142.85
11-05-2015,141.4,143.9,140.55,143.35
08-05-2015,139,141.85,138.3,141.05
07-05-2015,139,140.45,136.6,137.75
06-05-2015,144.25,144.95,138.75,139.8
05-05-2015,143.85,145.9,143.5,144.55
04-05-2015,143.4,144.9,142.55,143.55
30-04-2015,142.25,143.15,140.4,142.1
29-04-2015,142.25,143.35,141.5,142.55
28-04-2015,141.6,144.15,141,141.95
27-04-2015,147.65,148.15,141.4,142.15
24-04-2015,150.65,150.65,146.2,147.25
23-04-2015,151,152.5,149.9,150.2
22-04-2015,150.9,151.75,145.85,149.65
21-04-2015,152.9,154.65,149.65,150.2
20-04-2015,157.3,157.75,151.2,153.25
17-04-2015,159.25,161.2,157,157.55
16-04-2015,158.9,160.25,156.05,159.3
15-04-2015,161.45,163.5,157.85,158.95
13-04-2015,161.65,162.75,158.6,161.5
10-04-2015,152.7,162.5,152.05,161.2
09-04-2015,152.35,153,151,152.05
08-04-2015,151.8,153.7,150.8,151.6
07-04-2015,152.4,152.4,149.9,151.1
06-04-2015,151.95,152.1,149.8,151.45
01-04-2015,148.8,151.95,148.8,151.1
31-03-2015,150.25,151.2,148.3,148.8
30-03-2015,147.1,150.25,146.55,149.75
27-03-2015,148.45,149.2,142.7,145.75
26-03-2015,148.05,149.55,146.5,147.3
25-03-2015,148,149.4,147.75,149
24-03-2015,147.35,148.95,146.2,147.95
23-03-2015,149.8,150.55,146.9,147.2
20-03-2015,153.75,153.75,149,149.95
19-03-2015,156.65,157.35,152.7,153.85
18-03-2015,156.9,158.25,155.4,155.85
17-03-2015,155.25,157.3,155.25,156.7
16-03-2015,154.95,155.65,152.85,154.75
13-03-2015,160.95,161.1,153.55,154.85
12-03-2015,158.5,161.4,157.85,160
11-03-2015,157.35,159.5,156.7,157.85
10-03-2015,159.65,161,155.8,157.25
09-03-2015,159.05,162.85,157.25,159.05
05-03-2015,157.9,161.4,156.1,159.3
04-03-2015,164,164.35,157,158.35
03-03-2015,158.5,164.9,157.15,163.55
02-03-2015,155.5,158.9,155,158.35
28-02-2015,156.75,157,152.8,154.9
27-02-2015,153.4,156.55,153.15,156.05
26-02-2015,153.9,154.5,151.9,152.55
25-02-2015,155.55,156.25,153.1,153.5
24-02-2015,156,157.3,153.6,155.55
23-02-2015,160.95,161.5,155.3,155.95
20-02-2015,157.75,162.25,156.6,159.7
19-02-2015,157.4,158.5,154.45,157
18-02-2015,155.5,158,155.05,156.85
16-02-2015,157.85,157.95,154.75,155.15
13-02-2015,155.65,158.95,154.85,157.4
12-02-2015,154.95,156.8,153.2,155.2
11-02-2015,151.2,154.7,151.2,154.35
10-02-2015,148.9,153.15,148,151.55
09-02-2015,151.5,152.9,148.7,149.55
06-02-2015,154.4,154.7,151.55,152.4
05-02-2015,159.25,159.8,153.5,154.75
04-02-2015,160.7,163.1,157.65,158.55
03-02-2015,164,164.5,159.2,160.45
02-02-2015,157.9,167.75,157.75,163.6
30-01-2015,158.95,162.4,154.05,158.7
29-01-2015,158.95,160.75,157.3,158.25
28-01-2015,158.8,159.9,157.65,158.75
27-01-2015,161,162,158.6,159.4
23-01-2015,159.15,162.15,156.9,161.15
22-01-2015,157.1,160.6,157.1,158.85
21-01-2015,157.4,159.4,156.65,158
20-01-2015,156.8,157.45,155.6,156.35
19-01-2015,154.3,157.8,154.3,156.55
16-01-2015,155,155.75,153.75,154.3
15-01-2015,156.6,157.6,154.05,155.65
14-01-2015,155.05,157,153.8,154.85
13-01-2015,157.55,157.9,154.2,155.25
12-01-2015,156.35,158.7,155.2,157.35
09-01-2015,154.5,157.7,153.3,155.6
08-01-2015,149.9,154.5,149.5,153.7
07-01-2015,147.2,149.2,146,148.45
06-01-2015,151.95,151.95,147,148.15
05-01-2015,151.65,154.5,151.65,152.95
02-01-2015,150.9,153.2,150.55,152.5
01-01-2015,150.95,151.75,150.35,150.7
31-12-2014,148.8,151.85,148.65,150.95
30-12-2014,148.8,149.6,148.1,149.05
29-12-2014,147.15,149.9,147.15,148.65
26-12-2014,147.15,148,145.6,146.85
24-12-2014,148.95,149.9,146.1,146.9
23-12-2014,147.8,149.05,146.75,148.3
22-12-2014,147.55,148.25,145.6,147.5
19-12-2014,148.5,149.7,146.55,147.4
18-12-2014,146.45,149,146.35,147.5
17-12-2014,144.3,145.85,137.05,145
16-12-2014,150.7,152.2,143.3,144.25
15-12-2014,152.1,154.2,151.4,151.6
12-12-2014,155.2,157,152.5,152.95
11-12-2014,156,157.2,154.4,155.65
10-12-2014,154,157.4,154,156
09-12-2014,158.75,158.85,154.1,154.85
08-12-2014,160.95,161.45,157.7,158.3
05-12-2014,163.5,164.8,160.65,161.1
04-12-2014,163.7,164.2,161.4,163.4
03-12-2014,164.9,165.9,162.75,163.25
02-12-2014,159.7,164.25,157.2,163.35
01-12-2014,161.85,162.9,159.25,159.55
28-11-2014,162.25,163.9,159.65,161.3
27-11-2014,159.5,162.4,155.7,161
26-11-2014,154.05,155.8,153.25,155.3
25-11-2014,157.2,157.55,152.5,154.2
24-11-2014,157,158.3,155.75,156.95
21-11-2014,157.2,158.9,156.1,156.75
20-11-2014,157.1,158.1,154.6,156.95
19-11-2014,160.2,163.35,157.25,157.85
18-11-2014,160.5,161.35,158.6,159.4
17-11-2014,154.35,161.9,154.35,159.9
14-11-2014,154.95,156.15,153.65,155.25
13-11-2014,156.7,156.95,154,154.2
12-11-2014,158.85,158.85,155.3,155.85
11-11-2014,158.7,159.65,157.4,158.25
10-11-2014,161.05,162.6,157.25,157.75
07-11-2014,157.9,161.5,157,160.9
05-11-2014,164.8,165,160.45,161.65
03-11-2014,161,164.2,160.1,163.75
31-10-2014,158.9,161.2,158.05,160.1
30-10-2014,157.15,158.95,156.9,157.45
29-10-2014,157,158.25,156.6,157.3
28-10-2014,156.75,157.55,156.05,156.35
27-10-2014,159.25,159.25,155.95,156.3
23-10-2014,157.6,159,157.1,158.35
22-10-2014,156.8,157.5,155.5,156.5
21-10-2014,154.1,156.35,153.4,155.55
20-10-2014,154.55,155.65,153.35,154.7
17-10-2014,152.75,153.9,150.8,153.35
16-10-2014,156.05,158.25,151.05,152.35
14-10-2014,158.4,159.3,156,156.4
13-10-2014,159.6,160,157.05,157.5
10-10-2014,160.65,163.9,158.7,160.25
09-10-2014,160.45,163.35,160.45,161.25
08-10-2014,158,161,157.75,160.25
07-10-2014,158.25,161.65,158,158.8
01-10-2014,160,162,158.4,158.85
30-09-2014,159.1,162.4,157.6,159.35
29-09-2014,160,161.9,158.3,159
26-09-2014,159,161.95,154.45,159.65
25-09-2014,165.4,165.65,159.1,160.3
24-09-2014,165.2,166.75,161.8,164.75
23-09-2014,170.2,171.8,163.65,164.45
22-09-2014,168,172,167.05,170.6
19-09-2014,165.7,172.9,164.1,168.6
18-09-2014,160.05,165.7,160.05,164.85
17-09-2014,160.7,162.7,156.9,161.6
16-09-2014,167.05,167.6,158,159.45
15-09-2014,169,170.85,166.35,167.2
12-09-2014,168,171.35,166.4,169.55
11-09-2014,162.85,169.85,161,167.4
10-09-2014,163.5,165,160.5,162.55
09-09-2014,165.1,166.25,162.6,165.2
08-09-2014,163.05,166.5,162.5,164.6
05-09-2014,163.8,164.5,160.05,162.25
04-09-2014,154,163.9,154,162.2
03-09-2014,156.8,156.8,153.55,154.25
02-09-2014,153,156.85,153,155.4
01-09-2014,151.1,154.35,151.1,153.9
28-08-2014,153.4,154,150,150.5
27-08-2014,153.35,154.85,152.5,153.1
26-08-2014,154.4,155.5,151.35,152.95
25-08-2014,155.5,157.8,155,155.45
22-08-2014,158.5,158.5,155,155.45
21-08-2014,158.5,160.4,156.2,157.1
20-08-2014,156.55,159.5,156.25,158.5
19-08-2014,155.35,157.7,154.9,156.5
18-08-2014,152.2,155.35,151.55,154.4
14-08-2014,152.65,152.9,150.75,152.1
13-08-2014,153.1,154.3,150.3,151.15
12-08-2014,151.5,154.8,151.5,154.45
11-08-2014,150.7,153,150.7,151.9
08-08-2014,152.7,152.9,149.55,150.65
07-08-2014,153.6,155.1,152.65,154.15
06-08-2014,153.65,156.5,153.5,153.8
05-08-2014,154.1,155.6,152.5,154.9
04-08-2014,155.05,155.9,153.75,155.5
01-08-2014,152,156.85,151.75,154.3
31-07-2014,152.8,155.15,152.5,153.5
30-07-2014,155.95,155.95,152.45,152.9
28-07-2014,152.5,156.2,152.05,155.2
25-07-2014,156.2,157.4,152.55,153.5
24-07-2014,156.7,157.9,155.95,156.55
23-07-2014,159.5,159.7,155.7,156.8
22-07-2014,159.5,161.4,156.7,158.7
21-07-2014,161.5,162.45,158.75,159.2
18-07-2014,159.85,163,157.7,160.65
17-07-2014,157.25,161,156.25,160.35
16-07-2014,153.75,157.7,153.2,157.2
15-07-2014,152.35,154,151.5,153.75
14-07-2014,148.85,153.2,148.5,151.8
11-07-2014,154.8,156.3,149.15,149.8
10-07-2014,155.45,161.35,149.25,155.45
09-07-2014,158,159.6,152.75,154.95
08-07-2014,167.65,167.65,157.75,158.7
07-07-2014,168.1,169.6,166.65,167.05
04-07-2014,168.1,171.2,166,167.85
03-07-2014,175,175,168.35,169.2
02-07-2014,176.25,176.8,173.1,174.35
01-07-2014,173.35,176.6,171.5,174.8
30-06-2014,172.45,175,172.05,172.75
27-06-2014,168,172.95,168,171.1
26-06-2014,169,169.65,165.6,167.8
25-06-2014,166.3,170.75,166.3,169.5
24-06-2014,167.45,169.5,165.5,167.3
23-06-2014,166,171.2,164.8,167.95
20-06-2014,162.6,165.4,161.85,162.35
19-06-2014,164.6,165.35,161.3,162.9
18-06-2014,167,169,162.1,163.55
17-06-2014,166,167.95,163.7,167.05
16-06-2014,162.3,166.7,161.6,166
13-06-2014,170,173.95,161.15,163.7
12-06-2014,168.4,171.5,165.65,168.65
11-06-2014,175.8,176.1,165.05,169.35
10-06-2014,171.65,177.15,166.1,174.85
09-06-2014,173.85,175.45,170.1,171.2
06-06-2014,157,176.8,155.2,171.1
05-06-2014,154.3,154.8,151.15,154.05
04-06-2014,150,154,150,153
03-06-2014,148,151.85,147.75,150.3
02-06-2014,149.4,149.9,146.6,147.5
30-05-2014,150,151,145.35,149.1
29-05-2014,154.5,154.5,148,148.9
28-05-2014,157,158.2,154.75,156.25
27-05-2014,157.3,157.8,153,156.4
26-05-2014,158.5,163,152.75,156.45
23-05-2014,156,158.45,155.1,157.55
22-05-2014,154.5,157.4,153.4,155.55
21-05-2014,155.6,155.6,151.55,153.1
20-05-2014,152.95,154.85,151.05,153.45
19-05-2014,146,151.6,145.25,150.7
16-05-2014,146.35,147.5,143.25,144.75
15-05-2014,148,148.05,143.85,144.2
14-05-2014,147,148.5,145.4,147.3
13-05-2014,145.5,149.7,145.5,146.4
12-05-2014,145.8,146.7,144.15,144.55
09-05-2014,142.1,145.95,142.1,145
08-05-2014,145.05,145.55,142.1,142.45
07-05-2014,145.05,146.4,144.15,144.6
06-05-2014,147.05,148.3,144.9,145.1
05-05-2014,148.6,148.6,146.4,146.7
02-05-2014,149.45,150.9,147.8,148.35
30-04-2014,152.45,153.5,146.5,149.45
29-04-2014,153,154.1,151,151.3
28-04-2014,153,154.55,151.75,152.85
25-04-2014,156.5,157,151.85,152.95
23-04-2014,157.85,159.4,155.05,156.1
22-04-2014,156.95,159.3,156.15,157.85
21-04-2014,158.25,160,155.55,156.15
17-04-2014,151,158.2,151,157.45
16-04-2014,153.25,153.95,150,150.5
15-04-2014,153.85,154.9,151.1,153.05
11-04-2014,152.2,154,151.75,152.75
10-04-2014,155.1,155.3,152.1,153.1
09-04-2014,152.75,155.95,152.5,154.4
07-04-2014,149.3,152.5,148.25,151.45
04-04-2014,152,153.8,150.15,152.2
03-04-2014,154,154.3,149.4,151.55
02-04-2014,155,155.65,152.1,153.5
01-04-2014,151.45,154.75,148.8,154.25
31-03-2014,150,152.7,148.1,150.05
28-03-2014,142.85,148.6,142.3,148
27-03-2014,143,143.75,141.3,141.8
26-03-2014,144,144.8,142.25,142.75
25-03-2014,142.55,144,142.4,142.9
24-03-2014,143.15,144.85,142.5,142.85
22-03-2014,144.15,144.15,143.2,143.65
21-03-2014,143,146,142.45,143.4
20-03-2014,140.7,143.2,140.7,141.4
19-03-2014,143.2,143.8,141.1,141.3
18-03-2014,142.7,144.8,142.55,143.15
14-03-2014,142,143.4,141,142.7
13-03-2014,146,146.9,141.9,142.55
12-03-2014,146.05,147.5,145.15,145.65
11-03-2014,143.8,146,143,145.15
10-03-2014,143.9,145.1,142.25,143.8
07-03-2014,143.5,144.35,141.3,143.3
06-03-2014,141.5,143,140.15,142.55
05-03-2014,141.45,142.25,139.45,140.9
04-03-2014,136.8,141.15,135.9,140.4
03-03-2014,139.95,141,135.25,135.95
28-02-2014,140.15,142.15,139.15,139.7
26-02-2014,141.7,141.9,139.1,139.8
25-02-2014,143.2,143.55,141,141.2
24-02-2014,142.75,143,141.8,142.7
21-02-2014,141.25,143,141.2,142
20-02-2014,139.35,141.95,139.15,141.1
19-02-2014,140.35,141.75,139.6,140.35
18-02-2014,139.1,140.95,138.35,140.2
17-02-2014,140.55,141.35,137.7,138.9
14-02-2014,141.55,142.4,139.1,140.55
13-02-2014,144,144.85,141.15,141.75
12-02-2014,145.3,145.9,143.5,144.05
11-02-2014,144.2,145.85,143.05,144.85
10-02-2014,144.35,144.5,142.7,143.6
07-02-2014,142.45,144.5,141.8,143.35
06-02-2014,144.3,144.3,140.15,141.15
05-02-2014,143.15,144.85,142.55,143.05
04-02-2014,141.2,143.7,138.5,143.15
03-02-2014,140.85,142.95,140,140.7
31-01-2014,141.35,143,139.65,141
30-01-2014,141.8,144.75,139.7,140.45
29-01-2014,140,144.4,139.6,142.15
28-01-2014,140.9,143,138.4,138.95
27-01-2014,143,144.9,140.3,141.35
24-01-2014,147.25,147.85,143.65,144.25
23-01-2014,149.05,150.35,147.5,148.2
22-01-2014,148.35,152.2,148.1,149.85
21-01-2014,148.5,150.1,147.55,147.85
20-01-2014,146.25,149.3,146.25,148.3
17-01-2014,149.5,150.25,145.8,146.2
16-01-2014,152.25,152.9,148.5,149.05
15-01-2014,152.85,152.85,150.4,152.05
14-01-2014,153.05,154.5,150.3,152.05
13-01-2014,156.1,156.8,151.9,152.9
10-01-2014,158.05,159.95,154.75,155.95
09-01-2014,157.4,158.5,156.15,157.25
08-01-2014,157.1,159.3,156,157.1
07-01-2014,157,158.2,155.2,156.5
06-01-2014,156.95,158.6,155.1,156.8
03-01-2014,154.45,157,153.65,156.35
02-01-2014,160.5,161.75,153.75,154.95
01-01-2014,160.85,162.65,159.9,160.5
31-12-2013,159.5,161.5,158.15,160.45
30-12-2013,158.55,160.9,155.25,159.8
27-12-2013,160.8,162.85,156.35,158.05
26-12-2013,159,166.1,158,161.05
24-12-2013,155.4,157.65,153.65,157.25
23-12-2013,154.5,156.5,153.35,154.7
20-12-2013,147.2,153.85,146.6,153.1
19-12-2013,148.55,149.4,145.9,147.5
18-12-2013,145.3,148.75,145.25,148.2
17-12-2013,144.1,147.1,144.1,144.75
16-12-2013,145.25,145.5,142.2,143.45
13-12-2013,146,147.5,145,145.15
12-12-2013,146.8,148.45,146.2,146.75
11-12-2013,147.95,147.95,146.25,147
10-12-2013,146.75,149,146.7,147.45
09-12-2013,149.1,149.1,145.3,146.7
06-12-2013,146.8,147.75,145.8,146.2
05-12-2013,147.6,148.7,146.05,146.65
04-12-2013,146.5,148.4,145.1,145.55
03-12-2013,149,149.3,146.25,146.8
02-12-2013,149.2,150.9,149,149.3
29-11-2013,148,150.1,147.55,148.9
28-11-2013,145,148.35,145,147.65
27-11-2013,146.3,147.6,144,145.05
26-11-2013,142,146.8,141.6,145.5
25-11-2013,142.55,143.75,140.8,142.4
22-11-2013,144.35,145.2,141.1,141.8
21-11-2013,145.1,146.8,143.1,143.65
20-11-2013,146.25,147.8,144.75,145.35
19-11-2013,149,149.2,144.05,144.55
18-11-2013,142.5,148.35,142.5,147.7
14-11-2013,146.05,146.9,142.8,143.95
13-11-2013,155,155,141.1,144.3
12-11-2013,157.1,159.65,153.1,154.55
11-11-2013,160.4,161.25,155.1,156.55
08-11-2013,160.2,163,157.8,160.1
07-11-2013,164.4,167.9,159.05,160.35
06-11-2013,167.7,168.95,163.1,163.55
05-11-2013,168.5,169.8,165.9,167.6
03-11-2013,168,170,167.25,169.5
01-11-2013,164,169.9,161.55,167.7
31-10-2013,165,167.1,163.1,164
30-10-2013,163,166,162.65,165
29-10-2013,163.3,164.2,160.25,162.4
28-10-2013,164,166.25,162.3,163.25
25-10-2013,166.2,168.4,163.05,163.85
24-10-2013,159,166.4,158,165.45
23-10-2013,162.1,162.6,157,158.75
22-10-2013,160.4,162.8,159.9,161.85
21-10-2013,164.5,165.35,159,159.6
18-10-2013,163.2,165,162.25,164.2
17-10-2013,159.1,162.9,158.25,162
15-10-2013,160,160.2,155.35,158.05
14-10-2013,160.85,161.45,157.7,159.45
11-10-2013,161.15,163.45,159,160.05
10-10-2013,156,160.8,155.85,160.15
09-10-2013,155.7,158.2,154.15,155.55
08-10-2013,157,157.8,155.2,155.8
